id,conversation_id,created_at,date,time,timezone,user_id,username,name,place,tweet,language,mentions,urls,photos,replies_count,retweets_count,likes_count,hashtags,cashtags,link,retweet,quote_url,video,thumbnail,near,geo,source,user_rt_id,user_rt,retweet_id,reply_to,retweet_date,translate,trans_src,trans_dest
1396896810170568707,1396896810170568707,2021-05-24 18:32:07 UTC,2021-05-24,18:32:07,+0000,79517679,willian_novaes,Willian Novaes,,Cartola fc 2021 vai come√ßar e voc√™ n√£o sabe em qual liga participar? Entre em A Liga do Willian e participe.   #cartola #cartolafc #brasileirao #futebol #corinthians #palmeiras #santos #saopaulo #flamengo  https://t.co/hPQmH1xHkG,pt,[],[],['https://pbs.twimg.com/media/E2LGPvjXoAoFaFb.jpg'],0,1,0,"['cartola', 'cartolafc', 'brasileirao', 'futebol', 'corinthians', 'palmeiras', 'santos', 'saopaulo', 'flamengo']",[],https://twitter.com/willian_novaes/status/1396896810170568707,False,,1,https://pbs.twimg.com/media/E2LGPvjXoAoFaFb.jpg,,,,,,,[],,,,
1396896176880951300,1396896176880951300,2021-05-24 18:29:36 UTC,2021-05-24,18:29:36,+0000,34090165,paparazzorn,Paparazzo Rubro-Negro,,"O #Flamengo acertou o retorno para o SUB15 de David, artilheiro dos fez ‚Äú172 gols‚Äù. David (na foto com Vitor Zanelli) tinha sa√≠do do #CRF em 2020, para jogar no #Corinthians, mas acabou retornando. Em 2019, o o garoto marcou 172 gols, sendo parte no futsal e outra no campo.  https://t.co/2tvR8aHgnT",pt,[],[],['https://pbs.twimg.com/media/E2LFqtBWYAEVjTS.jpg'],6,3,223,"['flamengo', 'crf', 'corinthians']",[],https://twitter.com/PaparazzoRN/status/1396896176880951300,False,,1,https://pbs.twimg.com/media/E2LFqtBWYAEVjTS.jpg,,,,,,,[],,,,
1396892378028552192,1396892378028552192,2021-05-24 18:14:30 UTC,2021-05-24,18:14:30,+0000,4062948204,gofaithstrong,Kimberly_Faith,,All the wisdom in the world is NOTHING‚Äîwithout love. ~KFaith (1 Corinthians 13:2) #holybible #corinthians #love #wisdom god  https://t.co/iIrJhVCgz8,en,[],[],['https://pbs.twimg.com/media/E2LCNI2XsAkU5J1.png'],0,0,1,"['holybible', 'corinthians', 'love', 'wisdom']",[],https://twitter.com/GoFaithstrong/status/1396892378028552192,False,,1,https://pbs.twimg.com/media/E2LCNI2XsAkU5J1.png,,,,,,,[],,,,
1396888563439046661,1396888563439046661,2021-05-24 17:59:21 UTC,2021-05-24,17:59:21,+0000,51565827,rafaelporcari,Rafael Porcari,,"#EXPERI√äNCIA E #FUTEBOL - #Sylvinho √© o novo #treinador do #Corinthians.¬†Mas um novato ao inv√©s de um ""cascudo"" √© o ideal para o momento? Em:¬† https://t.co/T30sXnZ1pO",pt,[],['https://professorrafaelporcari.com/2021/05/24/sylvinho-no-corinthians-mas-e-o-treinador-cascudo/'],[],0,0,0,"['experi√™ncia', 'futebol', 'sylvinho', 'treinador', 'corinthians']",[],https://twitter.com/rafaelporcari/status/1396888563439046661,False,,0,,,,,,,,[],,,,
1396886103974678539,1396886103974678539,2021-05-24 17:49:34 UTC,2021-05-24,17:49:34,+0000,1157332729995902976,sportbuzzbr,SportBuzz,,"@Corinthians anunciou neste domingo, 23, a contrata√ß√£o de #Sylvinho como novo treinador #Corinthians    https://t.co/vCnGj17lPm",pt,[],['https://sportbuzz.uol.com.br/noticias/futebol/sylvinho-e-esperado-no-brasil-nesta-semana-mas-estreia-pelo-corinthians-deve-acontecer-somente-no-domingo.phtml'],[],0,0,0,"['sylvinho', 'corinthians']",[],https://twitter.com/Sportbuzzbr/status/1396886103974678539,False,,0,,,,,,,,[],,,,
1396878301420007430,1396870296737615875,2021-05-24 17:18:34 UTC,2021-05-24,17:18:34,+0000,3406444570,_koya_gru_,SCCP,,"@povotime1910 @centraldotimao @Corinthians tem que endireitar a coluna do Cantillo, ela √© inclinada, mas uma boa fisioterapia coloca a coluna dele no lugar.  #Corinthians",pt,[],[],[],0,0,0,['corinthians'],[],https://twitter.com/_koya_gru_/status/1396878301420007430,False,,0,,,,,,,,"[{'screen_name': 'povotime1910', 'name': 'Time Do Povo 1910', 'id': '1096591281239793664'}, {'screen_name': 'centraldotimao', 'name': 'Central do Tim√£o', 'id': '1122614514913042434'}]",,,,
1396876850719338497,1396876850719338497,2021-05-24 17:12:48 UTC,2021-05-24,17:12:48,+0000,1385455035023253505,duplomazzo,DuploMazzo,,"Ai ai ai, nao tenho tanto tempo assim de vida pra fica me preocupando com coisas desnecess√°rias! Assim n√£o neeh #Corinthians",pt,[],[],[],0,0,0,['corinthians'],[],https://twitter.com/DuploMazzo/status/1396876850719338497,False,,0,,,,,,,,[],,,,
1396873667729055748,1396873667729055748,2021-05-24 17:00:09 UTC,2021-05-24,17:00:09,+0000,1381302911431499781,ttgabryelle,…¢·¥Ä ô è ‚í∏üñ§,,"Oi sou nova por aqui, me segue que sigo de volta. #Corinthians",pt,[],[],[],0,2,6,['corinthians'],[],https://twitter.com/ttgabryelle/status/1396873667729055748,False,,0,,,,,,,,[],,,,
1396872699499143172,1396872699499143172,2021-05-24 16:56:18 UTC,2021-05-24,16:56:18,+0000,1269018703229784065,timaoanalise,Tim√£o An√°lise,,"Sylvinho n√£o far√° a sua estreia nesta quarta-feira, diante do River Plate (PAR).  O novo t√©cnico do Tim√£o deve fazer o seu primeiro jogo pelo clube no domingo, contra o Atl√©tico-GO, na 1¬™ rodada do Brasileir√£o 2021.  #Corinthians #Tim√£oAn√°lise  https://t.co/6dGubIho5H",pt,[],[],['https://pbs.twimg.com/media/E2KwUSwX0AExAKi.jpg'],0,1,0,"['corinthians', 'tim√£oan√°lise']",[],https://twitter.com/timaoanalise/status/1396872699499143172,False,,1,https://pbs.twimg.com/media/E2KwUSwX0AExAKi.jpg,,,,,,,[],,,,
1396871921980092419,1396871919069237251,2021-05-24 16:53:13 UTC,2021-05-24,16:53:13,+0000,1114746600482590720,dimensao_esp,Dimens√£o Esportiva,,#S√£oPauloFc #Palmeiras #Corinthians #SantosFC #Flamengo #Fluminense #Gr√™mio #Internacional #Atl√©ticoMG #Am√©ricaMG #Paulist√£o #Carioca #Mineiro #Gauch√£o #Libertadores #CopaSulamericana  Fotos: Erico Leonan/SPFC Marcelo Cortes/Flamengo Pedro Souza/Atl√©tico-MG Lucas Uebel/Gr√™mio,pt,[],[],[],0,0,0,"['s√£opaulofc', 'palmeiras', 'corinthians', 'santosfc', 'flamengo', 'fluminense', 'gr√™mio', 'internacional', 'atl√©ticomg', 'am√©ricamg', 'paulist√£o', 'carioca', 'mineiro', 'gauch√£o', 'libertadores', 'copasulamericana']",[],https://twitter.com/dimensao_esp/status/1396871921980092419,False,,0,,,,,,,,[],,,,
1396868787379523584,1396868787379523584,2021-05-24 16:40:46 UTC,2021-05-24,16:40:46,+0000,4454385083,bastidoressccp,Turco,,Algu√©m se deu bem nessa hist√≥ria todo envolvendo Renato Ga√∫cho e #Corinthians.   https://t.co/liVstRGts6,pt,[],['https://esporte.ig.com.br/futebol/2021-05-24/apos-polemica-com-o-corinthians--portaluppi-pode-estrear-em-programa-esportivo.html'],[],7,0,15,['corinthians'],[],https://twitter.com/bastidoressccp/status/1396868787379523584,False,,0,,,,,,,,[],,,,
1396864481565847559,1396864481565847559,2021-05-24 16:23:39 UTC,2021-05-24,16:23:39,+0000,1118882396076638210,millosdatos,@MillosDatos,,"#TalDiaComoHoy hace 3 a√±os, en 2018, #Millonarios venc√≠a 1-0 a #Corinthians üáßüá∑ en el estadio #NeoQuimicaArena con este GOLAZO de #Carrillo.   https://t.co/wC3WLBrUvt",es,[],['https://youtu.be/aKlB-FqtmpY'],[],0,1,10,"['taldiacomohoy', 'millonarios', 'corinthians', 'neoquimicaarena', 'carrillo']",[],https://twitter.com/MillosDatos/status/1396864481565847559,False,,0,,,,,,,,[],,,,
1396859998328823810,1396859998328823810,2021-05-24 16:05:50 UTC,2021-05-24,16:05:50,+0000,945732094185132032,poacomacento,PO√Å COM ACENTO #PCA,,CORINTHIANS VENCE E MANT√âM LIDERAN√áA NO BRASILEIRO FEMININO - PO√Å COM ACENTO  #Corinthians #lideranca #futebol #BrasileiroFeminino #esporte #esportes #noticia #noticias #PoaSP #NoticiasDePoa #press #jornalismo #PoaComAcento  O Corinthians recebeu o Real    https://t.co/bxuQ9ZjWnx  https://t.co/cpOMAStCFA,pt,[],['https://poacomacento.com/2021/05/24/corinthians-vence-e-mantem-lideranca-no-brasileiro-feminino/'],['https://pbs.twimg.com/media/E2KkxBmX0AEIRVl.jpg'],0,0,0,"['corinthians', 'lideranca', 'futebol', 'brasileirofeminino', 'esporte', 'esportes', 'noticia', 'noticias', 'poasp', 'noticiasdepoa', 'press', 'jornalismo', 'poacomacento']",[],https://twitter.com/PoaComAcento/status/1396859998328823810,False,,1,https://pbs.twimg.com/media/E2KkxBmX0AEIRVl.jpg,,,,,,,[],,,,
1396855492383760384,1396855492383760384,2021-05-24 15:47:56 UTC,2021-05-24,15:47:56,+0000,1052385486591971328,sccpdados,SCCP Dados üìä,,O corinthians teve a volta de 2 jogadores hoje pela manh√£ no treino!  O lateral direito Fagner e o volante Cantillo.  Fagner se recuperou da Covid-19 e o Cantillo volta de uma les√£o no m√∫sculo posterior e j√° terminou a fase de transi√ß√£o.  #MeuTim√£o #Corinthians  https://t.co/R9SxsXIj9M,pt,[],[],"['https://pbs.twimg.com/media/E2KgqiDXoAMWZ3A.jpg', 'https://pbs.twimg.com/media/E2KgquKWEAcRXSE.jpg']",0,0,1,"['meutim√£o', 'corinthians']",[],https://twitter.com/sccpdados/status/1396855492383760384,False,,1,https://pbs.twimg.com/media/E2KgqiDXoAMWZ3A.jpg,,,,,,,[],,,,
1396855126145572867,1396855126145572867,2021-05-24 15:46:29 UTC,2021-05-24,15:46:29,+0000,2642009415,wbrunex,Bruno Queiroz,,"Acabei de ver um v√≠deo do Otero tirando suas coisa do CT, acho que o an√£o se foi! Posso ouvir um am√©m? -1 hehehe #Corinthians  https://t.co/9MjSaKJ35C",pt,[],[],['https://pbs.twimg.com/media/E2KgVTwWYAENWJn.jpg'],0,0,1,['corinthians'],[],https://twitter.com/wbrunex/status/1396855126145572867,False,,1,https://pbs.twimg.com/media/E2KgVTwWYAENWJn.jpg,,,,,,,[],,,,
1396853843007262726,1396853843007262726,2021-05-24 15:41:23 UTC,2021-05-24,15:41:23,+0000,73517232,silvio_menezs,Silvio Menezes üò∑ #StopBolsonaro #SOSBrazil,,#Futebol #PontePreta #Atl√©ticoMineiro #Atl√©ticoParanaense #Flamengo #Vasco #Fluminense #Botafogo #Corinthians #Palmeiras #S√£oPaulo #Santos #Coritiba #Cruzeiro #Juventude #Figueirense #Vit√≥ria #Fortaleza #Internacional #Gr√™mio #Guarani #Goi√°s #Sport #Bahia #Serra #Paysandu ?,und,[],[],[],0,0,3,"['futebol', 'pontepreta', 'atl√©ticomineiro', 'atl√©ticoparanaense', 'flamengo', 'vasco', 'fluminense', 'botafogo', 'corinthians', 'palmeiras', 's√£opaulo', 'santos', 'coritiba', 'cruzeiro', 'juventude', 'figueirense', 'vit√≥ria', 'fortaleza', 'internacional', 'gr√™mio', 'guarani', 'goi√°s', 'sport', 'bahia', 'serra', 'paysandu']",[],https://twitter.com/Silvio_Menezs/status/1396853843007262726,False,https://twitter.com/FabioPorchat/status/1396849400291500033,0,,,,,,,,[],,,,
1396853478312620033,1396853478312620033,2021-05-24 15:39:56 UTC,2021-05-24,15:39:56,+0000,199489894,guilhermeeec,Guilherme Cardoso,,A an√°lise sobre o novo t√©cnico do @Corinthians. A aposta √© num √≠dolo do passado. #Sylvinho est√° de volta ao clube. No @youyesportal. #Corinthians  #Treinador    https://t.co/A7JA6e6TYU,pt,"[{'screen_name': 'corinthians', 'name': 'corinthians', 'id': '44627459'}, {'screen_name': 'youyesportal', 'name': 'youyes portal', 'id': '1309618129295872005'}]",['https://youyes.com/noticias/sylvinho-e-o-novo-tecnico-do-corinthians'],[],0,0,0,"['sylvinho', 'corinthians', 'treinador']",[],https://twitter.com/Guilhermeeec/status/1396853478312620033,False,,0,,,,,,,,[],,,,
1396850736923820034,1396850736923820034,2021-05-24 15:29:02 UTC,2021-05-24,15:29:02,+0000,1396496952892788737,imports_lc,LC IMPORTS,,"Camisa Flamengo II 21/22 Personalizada + Patroc√≠nios  Apenas 199,99  #flamengo #o #futebol #mengo #crf #fla #vamosflamengo #brasil #libertadores #corinthians #meng #brasileirao #umavezflamengo #flamengoatemorrer #sempreflamengo #gabigol #palmeiras #rubronegro #mengao #rj  https://t.co/rsz6n7l00i",es,[],[],"['https://pbs.twimg.com/media/E2KcU74WQAQq3Bl.jpg', 'https://pbs.twimg.com/media/E2KcVHtWEAEetW3.jpg', 'https://pbs.twimg.com/media/E2KcVQjXMAAej3j.jpg', 'https://pbs.twimg.com/media/E2KcV6oXoAMRu_X.jpg']",0,1,0,"['flamengo', 'o', 'futebol', 'mengo', 'crf', 'fla', 'vamosflamengo', 'brasil', 'libertadores', 'corinthians', 'meng', 'brasileirao', 'umavezflamengo', 'flamengoatemorrer', 'sempreflamengo', 'gabigol', 'palmeiras', 'rubronegro', 'mengao', 'rj']",[],https://twitter.com/imports_lc/status/1396850736923820034,False,,1,https://pbs.twimg.com/media/E2KcU74WQAQq3Bl.jpg,,,,,,,[],,,,
1396846074854268933,1396846074854268933,2021-05-24 15:10:31 UTC,2021-05-24,15:10:31,+0000,720106656986763264,vinisartorato,Vinicius Sartorato,,"Silvinho merece a confian√ßa do #Corinthians, prata da casa, vem construir um bom trabalho.   Diferentemente de Renato Ga√∫cho, seu sal√°rio e perspectivas profissionais n√£o est√£o fora do tim√£o.   Agora, a diretoria do clube deve garantir novos jogadores para refor√ßar a equipe...",pt,[],[],[],0,0,1,['corinthians'],[],https://twitter.com/vinisartorato/status/1396846074854268933,False,,0,,,,,,,,[],,,,
1396844660841136131,1396844660841136131,2021-05-24 15:04:53 UTC,2021-05-24,15:04:53,+0000,1603926330,pimentelmidia,Wilson Pimentel,,"üö® Bra√ßo direito de Sylvinho no Corinthians atuou ao lado de Ronaldo Fen√¥meno e tem Copa do Mundo no curr√≠culo.  Leia, comente e compartilhe.  Saiba mais no @Torcedorescom !üëáüèª   https://t.co/WV7VxCKjSs  #Brasileir√£o2021 #Corinthians #Sylvinho #SylvinhoN√£o #Vasco #Bahia #S√£oPaulo",pt,"[{'screen_name': 'torcedorescom', 'name': 'torcedores.com', 'id': '1419036458'}]",['https://www.torcedores.com/noticias/2021/05/braco-direito-de-sylvinho-no-corinthians-atuou-ao-lado-de-ronaldo-fenomeno-e-tem-copa-do-mundo-no-curriculo'],[],0,0,0,"['brasileir√£o2021', 'corinthians', 'sylvinho', 'sylvinhon√£o', 'vasco', 'bahia', 's√£opaulo']",[],https://twitter.com/pimentelmidia/status/1396844660841136131,False,,0,,,,,,,,[],,,,
1396844394167291916,1396844394167291916,2021-05-24 15:03:50 UTC,2021-05-24,15:03:50,+0000,90697573,bandsports,BandSports,,"""O Sylvinho tem uma experi√™ncia pequena como treinador""  @EliaJunior analisou a contrata√ß√£o do novo t√©cnico do @Corinthians  #Corinthians #Sylvinho #PrimeiroTempo #Bandsports  https://t.co/UfDa3mNHdv",pt,"[{'screen_name': 'eliajunior', 'name': 'elia junior', 'id': '106396774'}, {'screen_name': 'corinthians', 'name': 'corinthians', 'id': '44627459'}]",[],[],1,0,3,"['corinthians', 'sylvinho', 'primeirotempo', 'bandsports']",[],https://twitter.com/bandsports/status/1396844394167291916,False,,1,https://pbs.twimg.com/media/E2KWiS6XIAAJxLx.jpg,,,,,,,[],,,,
1396844184774995973,1396844184774995973,2021-05-24 15:03:00 UTC,2021-05-24,15:03:00,+0000,26194940,futalternativo,Futebol alternativo,,"- ‚öΩ @oficialbob13 (ex-#Corinthians, #Gremio e #Cruzeiro), 6G nos √∫ltimos 8J pelo #SydneyFC üá¶üá∫  - ‚öΩ Dodo pelo #FKLiepaja üá±üáª  - ‚öΩ Cesinha (atacante ex-#UniaoBarbarense, #Bragantino, #AtleticoMG e #PontePreta) com üÖ∞Ô∏è Edgar Silva (atacante ex-#Vasco) deram a vit√≥ria ao #Daegu üá∞üá∑",pt,"[{'screen_name': 'oficialbob13', 'name': 'bob√¥13', 'id': '287739176'}]",[],[],0,1,0,"['corinthians', 'gremio', 'cruzeiro', 'sydneyfc', 'fkliepaja', 'uniaobarbarense', 'bragantino', 'atleticomg', 'pontepreta', 'vasco', 'daegu']",[],https://twitter.com/futalternativo/status/1396844184774995973,False,,0,,,,,,,,[],,,,
1396843727851859969,1396843727851859969,2021-05-24 15:01:11 UTC,2021-05-24,15:01:11,+0000,1393351852712923137,coringaao_,Coring√£o alucinado‚ú®ü¶Ö,,Corinthians X Palmeiras!!!  Corinthians e o maior!!!!  ü¶ÖRecopa sudamericana 1x 0 ü¶ÖSuper copa do Brasil 1 x 0 ü¶ÖCopinha 10 x 0 ü¶ÖPaulista 30 x 23 ü¶ÖBrasileiro 7 x 6 (o correto) ü¶ÖCopa do Br 3 x 4 ü¶ÖLibertadores 1 x 2 ü¶ÖMundial 2 x0 ü¶ÖTorcida 30M x 12M  #Corinthians #Palmeiras,pt,[],[],[],0,0,3,"['corinthians', 'palmeiras']",[],https://twitter.com/Coringaao_/status/1396843727851859969,False,,0,,,,,,,,[],,,,
1396843560285126667,1396843560285126667,2021-05-24 15:00:31 UTC,2021-05-24,15:00:31,+0000,1344982170134323200,gustavoelias97,Gustavo Elias,,"Dif√≠cil entender qual crit√©rio t√©cnico adotado pela diretoria do Corinthians. Renato Ga√∫cho, Aguirre e agora Sylvinho. O que eles t√™m em comum? Parece mais tiros aleat√≥rios. #Corinthians",pt,[],[],[],1,0,1,['corinthians'],[],https://twitter.com/Gustavoelias97/status/1396843560285126667,False,,0,,,,,,,,[],,,,
1396841739453976583,1396841704557359108,2021-05-24 14:53:17 UTC,2021-05-24,14:53:17,+0000,1052385486591971328,sccpdados,SCCP Dados üìä,,Gabriel Lima : 23 anos üëü Meia Atacante ‚öîÔ∏è 9 jogos (4 titular) ‚öΩ 0 gols üëü 0 assist√™ncias üõ°Ô∏è Metropolitano  #MeuTim√£o #Corinthians  https://t.co/XFnegcVXSd,pt,[],[],['https://pbs.twimg.com/media/E2KUKLMXsAIwU6P.jpg'],0,0,0,"['meutim√£o', 'corinthians']",[],https://twitter.com/sccpdados/status/1396841739453976583,False,,1,https://pbs.twimg.com/media/E2KUKLMXsAIwU6P.jpg,,,,,,,[],,,,
1396841734450077703,1396841704557359108,2021-05-24 14:53:16 UTC,2021-05-24,14:53:16,+0000,1052385486591971328,sccpdados,SCCP Dados üìä,,Rafael Bil√∫ : 24 anos üëü Meia Atacante ‚öîÔ∏è 1 jogo (1 titular) ‚öΩ 0 gols üëü 0 assist√™ncias üõ°Ô∏è Mirassol  #MeuTim√£o #Corinthians  https://t.co/lyZqaBODX9,pt,[],[],['https://pbs.twimg.com/media/E2KUJ45WQAMofMJ.jpg'],1,0,0,"['meutim√£o', 'corinthians']",[],https://twitter.com/sccpdados/status/1396841734450077703,False,,1,https://pbs.twimg.com/media/E2KUJ45WQAMofMJ.jpg,,,,,,,[],,,,
1396841729593126926,1396841704557359108,2021-05-24 14:53:15 UTC,2021-05-24,14:53:15,+0000,1052385486591971328,sccpdados,SCCP Dados üìä,,Warian Ameixa: 24 anos üëü  Volante ‚öîÔ∏è 8 jogos (7 titular) ‚öΩ 0 gols üëü 0 assist√™ncias ‚ö†Ô∏è 2 cart√µes vermelhos üõ°Ô∏è S√£o Caetano  #MeuTim√£o #Corinthians  https://t.co/ysEOiySbv5,pt,[],[],['https://pbs.twimg.com/media/E2KUJn8WQAk4XOJ.jpg'],1,0,0,"['meutim√£o', 'corinthians']",[],https://twitter.com/sccpdados/status/1396841729593126926,False,,1,https://pbs.twimg.com/media/E2KUJn8WQAk4XOJ.jpg,,,,,,,[],,,,
1396841724782301187,1396841704557359108,2021-05-24 14:53:13 UTC,2021-05-24,14:53:13,+0000,1052385486591971328,sccpdados,SCCP Dados üìä,,Thiaguinho : 24 anos üëü Volante  ‚öîÔ∏è 11 jogos (7 titular) ‚öΩ 0 gols üëü 0 assist√™ncias ‚ö†Ô∏è 1 cart√£o vermelho üõ°Ô∏è Inter de Limeira  #MeuTim√£o #Corinthians  https://t.co/fU6yKxbvFj,pt,[],[],['https://pbs.twimg.com/media/E2KUJVGWQA0pH6n.jpg'],1,0,0,"['meutim√£o', 'corinthians']",[],https://twitter.com/sccpdados/status/1396841724782301187,False,,1,https://pbs.twimg.com/media/E2KUJVGWQA0pH6n.jpg,,,,,,,[],,,,
1396841720059465731,1396841704557359108,2021-05-24 14:53:12 UTC,2021-05-24,14:53:12,+0000,1052385486591971328,sccpdados,SCCP Dados üìä,,Emerson Sousa: 22 anos üëü Volante ‚öîÔ∏è 1 jogos (0 titular) ‚öΩ 0 gols üëü 0 assist√™ncias üõ°Ô∏è Coimbr√£  #MeuTim√£o #Corinthians  https://t.co/8lteh7VTw2,pt,[],[],['https://pbs.twimg.com/media/E2KUJAAXoAouJkO.jpg'],1,0,0,"['meutim√£o', 'corinthians']",[],https://twitter.com/sccpdados/status/1396841720059465731,False,,1,https://pbs.twimg.com/media/E2KUJAAXoAouJkO.jpg,,,,,,,[],,,,
1396841713793110019,1396841704557359108,2021-05-24 14:53:11 UTC,2021-05-24,14:53:11,+0000,1052385486591971328,sccpdados,SCCP Dados üìä,,Caetano : 21 anos  üëü Zagueiro ‚öîÔ∏è 8 jogos (7 como titular) ‚öΩ 1 gol üëü 0 assist√™ncias ‚ö†Ô∏è 1 cart√£o vermelho üõ°Ô∏è S√£o Caetano #MeuTim√£o #Corinthians  https://t.co/qGOUf4XHGc,pt,[],[],['https://pbs.twimg.com/media/E2KUIsOX0AAhoBR.jpg'],1,0,0,"['meutim√£o', 'corinthians']",[],https://twitter.com/sccpdados/status/1396841713793110019,False,,1,https://pbs.twimg.com/media/E2KUIsOX0AAhoBR.jpg,,,,,,,[],,,,
1396841709305319437,1396841704557359108,2021-05-24 14:53:10 UTC,2021-05-24,14:53:10,+0000,1052385486591971328,sccpdados,SCCP Dados üìä,,Kevin Emmel: 20 anos üëü Lateral Esquerdo ‚öîÔ∏è 6 jogos (2 como titular) ‚öΩ 0 gols üëü 0 assist√™ncias üõ°Ô∏è Metropolitano  #MeuTim√£o #Corinthians  https://t.co/A2d3EIt0sI,pt,[],[],['https://pbs.twimg.com/media/E2KUIbVWQAMhcOL.jpg'],1,0,0,"['meutim√£o', 'corinthians']",[],https://twitter.com/sccpdados/status/1396841709305319437,False,,1,https://pbs.twimg.com/media/E2KUIbVWQAMhcOL.jpg,,,,,,,[],,,,
1396841704557359108,1396841704557359108,2021-05-24 14:53:09 UTC,2021-05-24,14:53:09,+0000,1052385486591971328,sccpdados,SCCP Dados üìä,,"Os estaduais acabaram e o Corinthians j√° vai ter ""refor√ßos"" para o time principal ou para a base. Vamos ver n√∫meros de alguns deles:  Matheus Alexandre : 22 anos üëü Lateral Direito ‚öîÔ∏è 8 jogos (7 como titular) ‚öΩ 0 gols üëü 1 assist√™ncia üõ°Ô∏è Inter de Limeira  #MeuTim√£o #Corinthians  https://t.co/NgpOckxDJR",pt,[],[],['https://pbs.twimg.com/media/E2KUIJrWUAUdzER.jpg'],1,0,0,"['meutim√£o', 'corinthians']",[],https://twitter.com/sccpdados/status/1396841704557359108,False,,1,https://pbs.twimg.com/media/E2KUIJrWUAUdzER.jpg,,,,,,,[],,,,
1396841543818952707,1396841543818952707,2021-05-24 14:52:30 UTC,2021-05-24,14:52:30,+0000,67503751,apostagol,Apostagol,,R$200 de Aposta Gr√°tis!  Z√© Roberto promove promo√ß√£o #JogaJunto de apostas online!  Pegue o seu b√¥nus de R$200 no link:  https://t.co/rZmJ9iBZG7  #flamengo #fluminense #vasco #spfc #palmeiras #corinthians #santos #gremio #inter #cruzeiro #galo #bahia #fla #tim√£o   @NetBet_Brasil  https://t.co/q4bcYyf2aX,pt,"[{'screen_name': 'netbet_brasil', 'name': 'netbet brasil', 'id': '209215780'}]",['http://bit.ly/NetBet-200Reais'],['https://pbs.twimg.com/media/E2KT9omWUAURj5D.jpg'],0,0,0,"['jogajunto', 'flamengo', 'fluminense', 'vasco', 'spfc', 'palmeiras', 'corinthians', 'santos', 'gremio', 'inter', 'cruzeiro', 'galo', 'bahia', 'fla', 'tim√£o']",[],https://twitter.com/Apostagol/status/1396841543818952707,False,,1,https://pbs.twimg.com/media/E2KT9omWUAURj5D.jpg,,,,,,,[],,,,
1396840463949254659,1396840463949254659,2021-05-24 14:48:13 UTC,2021-05-24,14:48:13,+0000,1393351852712923137,coringaao_,Coring√£o alucinado‚ú®ü¶Ö,,"TOMARE, que tudo de certo no Cuiab√°, para alegria da fiel. Se n√£o... Sem d√∫vidas vai ser a pior contra√ß√£o do Corinthians na hist√≥ria. #VaiCorinthians #Jonathancafu #Sylvinho  #Corinthians  https://t.co/XwlFZ2zZab",pt,[],[],['https://pbs.twimg.com/media/E2KS_6dWQAAIWYo.jpg'],0,0,3,"['vaicorinthians', 'jonathancafu', 'sylvinho', 'corinthians']",[],https://twitter.com/Coringaao_/status/1396840463949254659,False,,1,https://pbs.twimg.com/media/E2KS_6dWQAAIWYo.jpg,,,,,,,[],,,,
1396840409712758793,1396840409712758793,2021-05-24 14:48:00 UTC,2021-05-24,14:48:00,+0000,1351713547630366721,canchagol1,Canchagol,,ùó°ùó®ùóòùó©ùó¢ ùóóùóß‚úÖ #Corinthiansüáßüá∑ confirm√≥ a #Sylvinhoüáßüá∑ como nuevo entrenador del club ‚ÄòTim√£o‚Äô‚ö´Ô∏è En su plantilla contar√° con #VictorCantilloüá®üá¥ . . . . . #Futbol #Sport #Deportes #Brasil #Viral #Colombia  https://t.co/67eteMDUcZ,es,[],['https://www.instagram.com/p/CPQnVa5AdGG/?utm_medium=twitter'],[],0,0,0,"['corinthians', 'sylvinho', 'victorcantillo', 'futbol', 'sport', 'deportes', 'brasil', 'viral', 'colombia']",[],https://twitter.com/Canchagol1/status/1396840409712758793,False,,0,,,,,,,,[],,,,
1396837910972977163,1396837910972977163,2021-05-24 14:38:04 UTC,2021-05-24,14:38:04,+0000,1630833228,jottalira7,Jailson Jotta À¢·∂ú·∂ú·µñ,,@macmarcoaurelio sempre ressurge nestas horas. Em quanto tempo v√£o superar a torcida do #Corinthians agora? Em 2023?,pt,[],[],[],0,0,0,['corinthians'],[],https://twitter.com/JottaLira7/status/1396837910972977163,False,https://twitter.com/Vanessa1910Sccp/status/1396836597929283584,0,,,,,,,,[],,,,
1396837030307549185,1396837030307549185,2021-05-24 14:34:34 UTC,2021-05-24,14:34:34,+0000,1365355578,vaievem_futebol,Vai-e-Vem (de üè°),,"‚úçÔ∏è OFICIAL!  O #Corinthians informa que Sylvinho est√° #FechadoComOTim√£o e ser√° o t√©cnico da equipe profissional.  Ap√≥s experi√™ncias e aperfei√ßoamento em comiss√µes t√©cnicas da Europa e da CBF, ele volta ao clube que o revelou como lateral. (@Corinthians)  https://t.co/OFy2lgrzBR",pt,"[{'screen_name': 'corinthians', 'name': 'corinthians', 'id': '44627459'}]",[],['https://pbs.twimg.com/media/E2KP3wIXIAEyGBV.jpg'],0,0,4,"['corinthians', 'fechadocomotim√£o']",[],https://twitter.com/vaievem_futebol/status/1396837030307549185,False,,1,https://pbs.twimg.com/media/E2KP3wIXIAEyGBV.jpg,,,,,,,[],,,,
1396833551383945216,1396833551383945216,2021-05-24 14:20:45 UTC,2021-05-24,14:20:45,+0000,1395122579258683398,felipef61148110,Louco pelo tim√£o,,Fagner volta a treinar ap√≥s se recuperar da covid-19 #Corinthians  https://t.co/daZPeaX7xO,pt,[],[],['https://pbs.twimg.com/media/E2KMti5XoAIHqpk.jpg'],0,0,1,['corinthians'],[],https://twitter.com/FelipeF61148110/status/1396833551383945216,False,,1,https://pbs.twimg.com/media/E2KMti5XoAIHqpk.jpg,,,,,,,[],,,,
1396832566360088578,1396832566360088578,2021-05-24 14:16:50 UTC,2021-05-24,14:16:50,+0000,73517232,silvio_menezs,Silvio Menezes üò∑ #StopBolsonaro #SOSBrazil,,#Futebol #PontePreta #Atl√©ticoMineiro #Atl√©ticoParanaense #Flamengo #Vasco #Fluminense #Botafogo #Corinthians #Palmeiras #S√£oPaulo #Santos #Coritiba #Cruzeiro #Juventude #Figueirense #Vit√≥ria #Fortaleza #Internacional #Gr√™mio #Guarani #Goi√°s #Sport #Bahia #Serra #Paysandu ?,und,[],[],[],0,0,3,"['futebol', 'pontepreta', 'atl√©ticomineiro', 'atl√©ticoparanaense', 'flamengo', 'vasco', 'fluminense', 'botafogo', 'corinthians', 'palmeiras', 's√£opaulo', 'santos', 'coritiba', 'cruzeiro', 'juventude', 'figueirense', 'vit√≥ria', 'fortaleza', 'internacional', 'gr√™mio', 'guarani', 'goi√°s', 'sport', 'bahia', 'serra', 'paysandu']",[],https://twitter.com/Silvio_Menezs/status/1396832566360088578,False,https://twitter.com/Silvio_Menezs/status/1396668260255473666,0,,,,,,,,[],,,,
1396832230148919303,1396832230148919303,2021-05-24 14:15:30 UTC,2021-05-24,14:15:30,+0000,73517232,silvio_menezs,Silvio Menezes üò∑ #StopBolsonaro #SOSBrazil,,#Futebol #PontePreta #Atl√©ticoMineiro #Atl√©ticoParanaense #Flamengo #Vasco #Fluminense #Botafogo #Corinthians #Palmeiras #S√£oPaulo #Santos #Coritiba #Cruzeiro #Juventude #Figueirense #Vit√≥ria #Fortaleza #Internacional #Gr√™mio #Guarani #Goi√°s #Sport #Bahia #Serra #Paysandu ?,und,[],[],[],0,0,3,"['futebol', 'pontepreta', 'atl√©ticomineiro', 'atl√©ticoparanaense', 'flamengo', 'vasco', 'fluminense', 'botafogo', 'corinthians', 'palmeiras', 's√£opaulo', 'santos', 'coritiba', 'cruzeiro', 'juventude', 'figueirense', 'vit√≥ria', 'fortaleza', 'internacional', 'gr√™mio', 'guarani', 'goi√°s', 'sport', 'bahia', 'serra', 'paysandu']",[],https://twitter.com/Silvio_Menezs/status/1396832230148919303,False,https://twitter.com/renatoalvesdf/status/1396644389217263618,0,,,,,,,,[],,,,
1396831553867628545,1396831553867628545,2021-05-24 14:12:48 UTC,2021-05-24,14:12:48,+0000,41864732,zefirula_fc,Z√© Firula FC,,Guia do Brasileir√£o ü¶Ö  Acham que o Corinthians briga por algo na S√©rie A?   #zefirula #ligas #cartola #corinthians  https://t.co/dJaEzDidJS,pt,[],[],['https://pbs.twimg.com/media/E2KK5OsXIAoGUFg.jpg'],0,0,0,"['zefirula', 'ligas', 'cartola', 'corinthians']",[],https://twitter.com/zefirula_fc/status/1396831553867628545,False,,1,https://pbs.twimg.com/media/E2KK5OsXIAoGUFg.jpg,,,,,,,[],,,,
1396828920490643460,1396828920490643460,2021-05-24 14:02:21 UTC,2021-05-24,14:02:21,+0000,867847613491576832,historiaempb,Felipe dR. Prevedello (Hist√≥ria em P&B),,"Ser√° que o #Corinthians ficou mesmo quase 23 anos na fila do Campeonato Paulista?  Que estranho. Vou pesquisar, pois por causa deste crit√©rio ainda ficaram de fora das contas corintianas 7 t√≠tulos, al√©m de 3 do Palestra/Palmeiras e 0 do Santos.",pt,[],[],[],0,0,0,['corinthians'],[],https://twitter.com/historiaempb/status/1396828920490643460,False,https://twitter.com/rodolfo1975/status/1396826213558198272,0,,,,,,,,[],,,,
1396828616269438986,1396828616269438986,2021-05-24 14:01:08 UTC,2021-05-24,14:01:08,+0000,394100103,gonzatepes,Gonzalo C√°ceres,,"#Sudamericana - #Sylvinho fue auxiliar t√©cnico del #Corinthians con Adenor Leonardo Bacchi ""Tite"" y con Mano Menezes.  https://t.co/ckgNcrd92X",es,[],['https://www.hoy.com.py/deportes/corinthians-estrenara-tecnico-ante-el-kelito#.YKuxXND93BE.twitter'],[],1,0,2,"['sudamericana', 'sylvinho', 'corinthians']",[],https://twitter.com/gonzatepes/status/1396828616269438986,False,,0,,,,,,,,[],,,,
1396828449868861453,1396828449868861453,2021-05-24 14:00:28 UTC,2021-05-24,14:00:28,+0000,729167354,hoypy,Diario HOY Paraguay,,"#Sudamericana - #Sylvinho fue auxiliar t√©cnico del #Corinthians con Adenor Leonardo Bacchi ""Tite"" y con Mano Menezes.  https://t.co/AApGrW2i8U",es,[],['https://www.hoy.com.py/deportes/corinthians-estrenara-tecnico-ante-el-kelito#.YKuxXND93BE.twitter'],[],0,0,1,"['sudamericana', 'sylvinho', 'corinthians']",[],https://twitter.com/hoypy/status/1396828449868861453,False,,0,,,,,,,,[],,,,
1396828223942574093,1396828223942574093,2021-05-24 13:59:35 UTC,2021-05-24,13:59:35,+0000,564038869,luizsimer,loucocorinthiano,,#SegundaBestFriendsSDV #VaiCorinthians #Corinthians Boa semana Corinthianos .  https://t.co/JclOvkPvwc,pt,[],[],['https://pbs.twimg.com/media/E2KH3TJXMAEVvNL.jpg'],0,2,4,"['segundabestfriendssdv', 'vaicorinthians', 'corinthians']",[],https://twitter.com/LuizSimer/status/1396828223942574093,False,,1,https://pbs.twimg.com/media/E2KH3TJXMAEVvNL.jpg,,,,,,,[],,,,
1396827029325205505,1396826213558198272,2021-05-24 13:54:50 UTC,2021-05-24,13:54:50,+0000,867847613491576832,historiaempb,Felipe dR. Prevedello (Hist√≥ria em P&B),,@rodolfo1975 Ser√° que o #Corinthians ficou mesmo quase 23 anos na fila do Campeonato Paulista?  Que estranho. Vou pesquisar...,pt,[],[],[],1,0,2,['corinthians'],[],https://twitter.com/historiaempb/status/1396827029325205505,False,,0,,,,,,,,"[{'screen_name': 'rodolfo1975', 'name': 'Rodolfo Rodrigues', 'id': '41523046'}]",,,,
1396826953139769354,1396826953139769354,2021-05-24 13:54:32 UTC,2021-05-24,13:54:32,+0000,1346471575785148419,olimpiasportsbr,Ol√≠mpia Sports,,Corinthians e Palmeiras vencem e se isolam na ponta da tabela do Brasileiro Feminino - Olimpia Sports  #Brasileir√£oFeminino #Brasileir√£oA1 #Corinthians #Palmeiras #L√≠der #RespeitasasMina #elastemnome   https://t.co/mVXdgkVx8T,pt,[],['https://olimpiasports.com.br/2021/05/24/corinthians-e-palmeiras-vencem-e-se-isolam-na-ponta-da-tabela-do-brasileiro-feminino/'],[],0,0,0,"['brasileir√£ofeminino', 'brasileir√£oa1', 'corinthians', 'palmeiras', 'l√≠der', 'respeitasasmina', 'elastemnome']",[],https://twitter.com/olimpiasportsbr/status/1396826953139769354,False,,0,,,,,,,,[],,,,
1396826647576289284,1396826647576289284,2021-05-24 13:53:19 UTC,2021-05-24,13:53:19,+0000,1222630197092081665,_paul_was_saul_,Paul Was Saul,,"1 #Corinthians 1:21 For since in the wisdom of ##God the world by its wisdom did not know ##God, ##God was pleased to save those who believe by the foolishness of preaching.",en,[],[],[],0,0,1,"['corinthians', 'god', 'god', 'god']",[],https://twitter.com/_Paul_Was_Saul_/status/1396826647576289284,False,,0,,,,,,,,[],,,,
1396819766589919234,1396819766589919234,2021-05-24 13:25:58 UTC,2021-05-24,13:25:58,+0000,1179518904642744320,fbiodosreis2,V√°bio Reys (kings) \üò∑/,,"Esse Abel Ferreira ainda vai me matar de tanto rir, √©h lasqueira, que treinador briguento! Kkkkkkkkkkkkkkkkkkkkkkk   #AbelFerreira #Palmeiras #Flamengo #Corinthians #saopaulofc #SAOxPAL",pt,[],[],[],0,0,0,"['abelferreira', 'palmeiras', 'flamengo', 'corinthians', 'saopaulofc', 'saoxpal']",[],https://twitter.com/FbiodosReis2/status/1396819766589919234,False,https://twitter.com/Miltonneves/status/1396594152884822019,0,,,,,,,,[],,,,
1396818924348530688,1396818924348530688,2021-05-24 13:22:37 UTC,2021-05-24,13:22:37,+0000,186419907,nelsonbjunior,Nelson Junior,,Sylvinho no Corinthians! Qual sua opini√£o? #sylvinho #Corinthians #MeuTimao #VaiCorinthians,pt,[],[],[],0,0,0,"['sylvinho', 'corinthians', 'meutimao', 'vaicorinthians']",[],https://twitter.com/nelsonbjunior/status/1396818924348530688,False,,0,,,,,,,,[],,,,
1396818102441193474,1396818102441193474,2021-05-24 13:19:21 UTC,2021-05-24,13:19:21,+0000,1007823716502392832,fernandestamiii,Tamiris Fernandes,,Alguem me contrata pra trabalhar no marketing do @Corinthians pq quem est√° l√° do faz merda #Corinthians,pt,"[{'screen_name': 'corinthians', 'name': 'corinthians', 'id': '44627459'}]",[],[],0,0,1,['corinthians'],[],https://twitter.com/fernandestamiii/status/1396818102441193474,False,,0,,,,,,,,[],,,,
1396817861507702785,1396817861507702785,2021-05-24 13:18:24 UTC,2021-05-24,13:18:24,+0000,29387745,guiarchas,Guilherme Archas,,"Muitos criticam a contrata√ß√£o do Sylvinho como t√©cnico do #Corinthians, mas poucos sabem que ele fez hist√≥ria no Lyon da FRA  Qual sua opiniao @pepecarille ?   https://t.co/auZfjQ1MYR",pt,"[{'screen_name': 'pepecarille', 'name': 'o embaixador\U0001f976\U0001f9ca', 'id': '957388438432514049'}]",['https://globoesporte.globo.com/google/amp/futebol/futebol-internacional/futebol-frances/noticia/sylvinho-e-demitido-do-lyon.ghtml'],[],0,0,0,['corinthians'],[],https://twitter.com/guiarchas/status/1396817861507702785,False,,0,,,,,,,,[],,,,
1396814204011753481,1396814204011753481,2021-05-24 13:03:52 UTC,2021-05-24,13:03:52,+0000,1393351852712923137,coringaao_,Coring√£o alucinado‚ú®ü¶Ö,,"At√© ent√£o, esse foi o Mlk da base que mais me agradou, R√ÅPIDO, CANHOTO, DRIBLE CURTO, E LONGO E INTELIGENTE, tem tudo para evolu√≠. S√≥ n√£o gostei do arremate dele, fora isso pode ser um belo jogador, e uma j√≥ia para o Corinthians. #VaiCorinthians  #timao  #Corinthians  #Sylvinho",pt,[],[],[],0,0,2,"['vaicorinthians', 'timao', 'corinthians', 'sylvinho']",[],https://twitter.com/Coringaao_/status/1396814204011753481,False,https://twitter.com/MeuTimao/status/1396805872446279682,0,,,,,,,,[],,,,
1396812851361288198,1396812839017500672,2021-05-24 12:58:29 UTC,2021-05-24,12:58:29,+0000,867847613491576832,historiaempb,Felipe dR. Prevedello (Hist√≥ria em P&B),,"[7/7]„ÄãO que ali√°s, n√£o interfere quando avalio que o tricolor paulista √© maior que o alviverde.  Isso apenas me incomoda um pouco.  Afinal de contas, opino que o maior rival do #Corinthians √© o Palmeiras que n√£o √© nem o segundo maior time do Estado de S√£o Paulo.",pt,[],[],[],1,0,0,['corinthians'],[],https://twitter.com/historiaempb/status/1396812851361288198,False,,0,,,,,,,,[],,,,
1396812847959707656,1396812839017500672,2021-05-24 12:58:29 UTC,2021-05-24,12:58:29,+0000,867847613491576832,historiaempb,Felipe dR. Prevedello (Hist√≥ria em P&B),,"[5/7]„ÄãComo pode ser t√£o fregu√™s de um time que √© t√£o massacrado pelo #Corinthians, quando n√£o consegue impor a mesma disparidade na rivalidade?  N√£o a toa para muitos (inclusive corinthianos) a maior rivalidade no estado de S√£o Paulo √© o #Majestoso...",pt,[],[],[],1,0,0,"['corinthians', 'majestoso']",[],https://twitter.com/historiaempb/status/1396812847959707656,False,,0,,,,,,,,[],,,,
1396812846290321416,1396812839017500672,2021-05-24 12:58:28 UTC,2021-05-24,12:58:28,+0000,867847613491576832,historiaempb,Felipe dR. Prevedello (Hist√≥ria em P&B),,"[4/7]„ÄãQuando projetou-se um #Majestoso na final, por pior que o #Corinthians estivesse, e est√°, a grande maioria (inclusive s√£o-paulinos) se preocuparam em permanecer mais 1 ano na fila.  Os palmeirenses indignados perguntam-se h√° tempos...",pt,[],[],[],1,0,0,"['majestoso', 'corinthians']",[],https://twitter.com/historiaempb/status/1396812846290321416,False,,0,,,,,,,,[],,,,
1396808462844239875,1396808462844239875,2021-05-24 12:41:03 UTC,2021-05-24,12:41:03,+0000,1395778806749798404,timaofans,timao.fans,,O verdadeiro REI de S√£o Paulo! #Corinthians #Tim√£o #Sccp #Timedopovo #S√£oPaulo #MaiordeSP  https://t.co/s2v7oYi9IX,pt,[],[],['https://pbs.twimg.com/media/E2J14otWEAUxM9L.jpg'],1,0,4,"['corinthians', 'tim√£o', 'sccp', 'timedopovo', 's√£opaulo', 'maiordesp']",[],https://twitter.com/TimaoFans/status/1396808462844239875,False,,1,https://pbs.twimg.com/media/E2J14otWEAUxM9L.jpg,,,,,,,[],,,,
1396807671811018757,1396807671811018757,2021-05-24 12:37:55 UTC,2021-05-24,12:37:55,+0000,1380700445354692609,ojornaldosports,Jornal dos Sports,,Novo treinador tem hist√≥ria no clube como jogador e auxiliar t√©cnico   https://t.co/X8NWcCNSAN   #Sylvinho #Corinthians #futebolpaulista #jornaldossports,pt,[],['https://www.ojornaldossports.com.br/post/sylvinho-%25C3%25A9-o-novo-t%25C3%25A9cnico-do-corinthians'],[],0,0,0,"['sylvinho', 'corinthians', 'futebolpaulista', 'jornaldossports']",[],https://twitter.com/ojornaldosports/status/1396807671811018757,False,,0,,,,,,,,[],,,,
1396806371912429574,1396806371912429574,2021-05-24 12:32:45 UTC,2021-05-24,12:32:45,+0000,116306294,cahmusicfitsccp,C√ÅSSIO REISü•Åüé∂ü¶Ö‚öΩüí™üèæüáøüá¶üáßüá∑,,"Fiel torcida, o t√©cnico do @Corinthians j√° foi escolhido. Calma.. N√£o adianta ficar zicando o cara. Deixa ele mostrar o que vai fazer! Quando o Carille foi oficializado, falaram a mesma coisa. Vamos apoiar! Se n√£o rolar, a gente protesta. #VaiCorinthians #Corinthians #sccp",pt,"[{'screen_name': 'corinthians', 'name': 'corinthians', 'id': '44627459'}]",[],[],0,0,1,"['vaicorinthians', 'corinthians', 'sccp']",[],https://twitter.com/CahmusicfitSccp/status/1396806371912429574,False,,0,,,,,,,,[],,,,
1396804840353894400,1396804840353894400,2021-05-24 12:26:39 UTC,2021-05-24,12:26:39,+0000,1390263698862837765,elielsccp7,ùôºùöéùöúùöúùöí ¬π‚Åπ¬π‚Å∞ üá¶üá∑,,Bem Vindo Sylvinho! #Corinthians #Sylvinho #ModernoESerCorinthians  https://t.co/kIUCYo2kYx,pt,[],[],['https://pbs.twimg.com/media/E2JymT2WQAEE4ZV.jpg'],0,0,0,"['corinthians', 'sylvinho', 'modernoesercorinthians']",[],https://twitter.com/elielsccp7/status/1396804840353894400,False,,1,https://pbs.twimg.com/media/E2JymT2WQAEE4ZV.jpg,,,,,,,[],,,,
1396803986955644928,1396803986955644928,2021-05-24 12:23:16 UTC,2021-05-24,12:23:16,+0000,67712941,portaldcmais,dcmais,,O #Corinthians anunciou ontem (23) o acerto com o t√©cnico Sylvinho para comandar a sua equipe de futebol profissional at√© o final de 2022.  https://t.co/enuXYanFwx,pt,[],['https://is.gd/GIQKcr'],[],0,0,0,['corinthians'],[],https://twitter.com/portaldcmais/status/1396803986955644928,False,,0,,,,,,,,[],,,,
1396802045403828227,1396783323255644160,2021-05-24 12:15:33 UTC,2021-05-24,12:15:33,+0000,839734220620722176,vijayaza_10,ùôëùôûùôüùôñùôÆùòºùôØùôñ`ùôáùôöùô§,,"@Corinthians Dando risada pra n√£o chorar, TOMARE que d√™ certo.  #BoaSorteSylvinho  #Sylvinho  #Corinthians  #ModernoESerCorinthians  #VaiCorinthians",pt,[],[],[],0,0,2,"['boasortesylvinho', 'sylvinho', 'corinthians', 'modernoesercorinthians', 'vaicorinthians']",[],https://twitter.com/VijayAza_10/status/1396802045403828227,False,,0,,,,,,,,"[{'screen_name': 'Corinthians', 'name': 'Corinthians', 'id': '44627459'}]",,,,
1396800579163283463,1396800579163283463,2021-05-24 12:09:44 UTC,2021-05-24,12:09:44,+0000,1393351852712923137,coringaao_,Coring√£o alucinado‚ú®ü¶Ö,,"Dando risada pra n√£o chorar, TOMARE que d√™ certo.  #BoaSorteSylvinho  #Sylvinho  #Corinthians  #ModernoESerCorinthians  #VaiCorinthians",pt,[],[],[],0,0,4,"['boasortesylvinho', 'sylvinho', 'corinthians', 'modernoesercorinthians', 'vaicorinthians']",[],https://twitter.com/Coringaao_/status/1396800579163283463,False,https://twitter.com/Corinthians/status/1396783323255644160,0,,,,,,,,[],,,,
1396800388976754688,1396800388976754688,2021-05-24 12:08:58 UTC,2021-05-24,12:08:58,+0000,116306294,cahmusicfitsccp,C√ÅSSIO REISü•Åüé∂ü¶Ö‚öΩüí™üèæüáøüá¶üáßüá∑,,Bora apoiar ent√£o!!! #VaiCorinthians #sccp #Corinthians,pt,[],[],[],0,0,1,"['vaicorinthians', 'sccp', 'corinthians']",[],https://twitter.com/CahmusicfitSccp/status/1396800388976754688,False,https://twitter.com/ManCityPT/status/1396633289054687234,0,,,,,,,,[],,,,
1396799172460883974,1396799172460883974,2021-05-24 12:04:08 UTC,2021-05-24,12:04:08,+0000,1052385486591971328,sccpdados,SCCP Dados üìä,,"Sylvinho (Novo t√©cnico do @Corinthians ) Seu √∫nico trabalho no Lyon: ‚öîÔ∏è 11 jogos ‚úÖ 3 vit√≥rias ‚ÜîÔ∏è 4 empates ‚ùå 4 derrotas üìä 39,40% de aproveitamento üëü 7,8 fin p/ marcar ‚ö†Ô∏è 14,7 fin p/ sofrer gol üìà 53,18% de posse de bola em m√©dia  #meutim√£o #Corinthians #Sylvinho  https://t.co/EOS0SfuVNM",pt,"[{'screen_name': 'corinthians', 'name': 'corinthians', 'id': '44627459'}]",[],['https://pbs.twimg.com/media/E2JtcZoWYAM3wXS.jpg'],0,0,0,"['meutim√£o', 'corinthians', 'sylvinho']",[],https://twitter.com/sccpdados/status/1396799172460883974,False,,1,https://pbs.twimg.com/media/E2JtcZoWYAM3wXS.jpg,,,,,,,[],,,,
1396798457256480771,1396798457256480771,2021-05-24 12:01:18 UTC,2021-05-24,12:01:18,+0000,3046592607,garotinhosfc,Garotinhos F.C.,,"#FechadocomoTim√£o - O Corinthians anunciou neste domingo a contrata√ß√£o de Sylvinho, de 47 anos, Ex-Lyon, chega para um contrato at√© o fim de 2022. . #Corinthians #Timao #Alvinegro #Arena #Sylvinho #futebol #radio #internet #youtube #resenha #soccer #Lyon #Timedopovo #Mano #ENois  https://t.co/sbXsSltTyE",pt,[],[],['https://pbs.twimg.com/media/E2Jsy1YWYAQ33xE.jpg'],0,1,1,"['fechadocomotim√£o', 'corinthians', 'timao', 'alvinegro', 'arena', 'sylvinho', 'futebol', 'radio', 'internet', 'youtube', 'resenha', 'soccer', 'lyon', 'timedopovo', 'mano', 'enois']",[],https://twitter.com/garotinhosfc/status/1396798457256480771,False,,1,https://pbs.twimg.com/media/E2Jsy1YWYAQ33xE.jpg,,,,,,,[],,,,
1396797054643544066,1396797054643544066,2021-05-24 11:55:43 UTC,2021-05-24,11:55:43,+0000,131885419,fhahuvia,Fernando H. Ahuvia,,Notamos que estamos ficando velhos quando um dos seus √≠dolos de inf√¢ncia do #Corinthians volta ao clube para ser treinador (foi por causa do #Sylvinho que tentei ser lateral esquerdo jogando no clube quando era uma crian√ßa magra)  https://t.co/iwuOEPI9az,pt,[],[],['https://pbs.twimg.com/media/E2JrZATWEAImGbK.jpg'],0,1,4,"['corinthians', 'sylvinho']",[],https://twitter.com/fhahuvia/status/1396797054643544066,False,,1,https://pbs.twimg.com/media/E2JrZATWEAImGbK.jpg,,,,,,,[],,,,
1396796344585625600,1396796344585625600,2021-05-24 11:52:54 UTC,2021-05-24,11:52:54,+0000,302950011,loucosdobando_,Loucos do Bando,,"Fagner j√° est√° de volta ao CT Dr. Joaquim Grava! Ap√≥s ser contaminado, novamente, pelo v√≠rus da Covid-19, o lateral retorna aos treinamentos depois de 10 dias longe do clube.  #Corinthians #VaiCorinthians  https://t.co/rXlPSAQ19P",pt,[],[],['https://pbs.twimg.com/media/E2JqzVJXIAACijU.jpg'],1,3,20,"['corinthians', 'vaicorinthians']",[],https://twitter.com/loucosdobando_/status/1396796344585625600,False,,1,https://pbs.twimg.com/media/E2JqzVJXIAACijU.jpg,,,,,,,[],,,,
1396794084518465536,1396751756961456129,2021-05-24 11:43:55 UTC,2021-05-24,11:43:55,+0000,263919481,colwellnsno,andrew colwell,,@PictureSporting @MikeJ_A #Corinthians,und,[],[],[],0,0,0,['corinthians'],[],https://twitter.com/colwellNSNO/status/1396794084518465536,False,,0,,,,,,,,"[{'screen_name': 'PictureSporting', 'name': 'Historic Cricket Pictures', 'id': '906053660467191808'}, {'screen_name': 'MikeJ_A', 'name': 'Mike Andrews', 'id': '305032991'}]",,,,
1396792548207759361,1396792548207759361,2021-05-24 11:37:49 UTC,2021-05-24,11:37:49,+0000,1576942832,cristianosgt1,Cristiano Borges,,16. Este √© o n√∫mero cabal√≠stico do #Corinthians no #brasileirao2021  A posi√ß√£o para o Tim√£o ficar no pr√≥ximo campeonato √© a 16¬™ coloca√ß√£o.. #timao  #tim√£omilgrau  #MeuTimao,pt,[],[],[],0,0,0,"['corinthians', 'brasileirao2021', 'timao', 'tim√£omilgrau', 'meutimao']",[],https://twitter.com/Cristianosgt1/status/1396792548207759361,False,,0,,,,,,,,[],,,,
1396792233852997633,1396792233852997633,2021-05-24 11:36:34 UTC,2021-05-24,11:36:34,+0000,1317190376613031937,emundial3,„ÄêÂÖ¨Âºè„ÄëEC„É†„É≥„Éá„Ç£„Ç¢„É´‚òÖ2020Âπ¥‰ª•Èôç‚òÖ,,#„Éñ„É©„Ç∏„É´„É™„Éº„Ç∞ „ÅÆ‰∫∫Ê∞ó„ÇØ„É©„Éñ #„Ç≥„É™„É≥„ÉÅ„É£„É≥„Çπ „ÅÆ„Éà„É¨„Éº„Éã„É≥„Ç∞„Ç¢„Ç§„ÉÜ„É†„Å´„Éù„É≠„Ç∑„É£„ÉÑ„ÅåÊñ∞ÂÖ•Ëç∑ÔºÅ  #corinthians #„Ç¨„É¥„Ç£„Ç™„É≥„Çπ #„Éñ„É©„Ç∏„É´‰ª£Ë°® #„Çµ„ÉÉ„Ç´„Éº„Ç¶„Çß„Ç¢ #ÂçóÁ±≥„Çµ„ÉÉ„Ç´„Éº #„Ç≥„É™„É≥„ÉÅ„Ç¢„Éº„Éé #„Éï„ÉÉ„Éà„Çµ„É´„Ç¶„Çß„Ç¢ #„Çµ„ÉÉ„Ç´„Éº„Çª„Éº„É´ #polo   https://t.co/0zAEl4m9k7  https://t.co/9V112nOsBR  https://t.co/NYn3T9hzjo,ja,[],"['https://search.rakuten.co.jp/search/mall/BAR19/?sid=258767', 'https://store.shopping.yahoo.co.jp/mundial/search.html?p=BAR19']","['https://pbs.twimg.com/media/E2Jm50xUcAAmktW.jpg', 'https://pbs.twimg.com/media/E2Jm7iXUYAAQgje.jpg', 'https://pbs.twimg.com/media/E2JnCz4VIAUwpyT.jpg', 'https://pbs.twimg.com/media/E2JnINZVEAUUC7I.jpg']",0,0,0,"['„Éñ„É©„Ç∏„É´„É™„Éº„Ç∞', '„Ç≥„É™„É≥„ÉÅ„É£„É≥„Çπ', 'corinthians', '„Ç¨„É¥„Ç£„Ç™„É≥„Çπ', '„Éñ„É©„Ç∏„É´‰ª£Ë°®', '„Çµ„ÉÉ„Ç´„Éº„Ç¶„Çß„Ç¢', 'ÂçóÁ±≥„Çµ„ÉÉ„Ç´„Éº', '„Ç≥„É™„É≥„ÉÅ„Ç¢„Éº„Éé', '„Éï„ÉÉ„Éà„Çµ„É´„Ç¶„Çß„Ç¢', '„Çµ„ÉÉ„Ç´„Éº„Çª„Éº„É´', 'polo']",[],https://twitter.com/EMundial3/status/1396792233852997633,False,,1,https://pbs.twimg.com/media/E2Jm50xUcAAmktW.jpg,,,,,,,[],,,,
1396790645172342785,1396790645172342785,2021-05-24 11:30:15 UTC,2021-05-24,11:30:15,+0000,302950011,loucosdobando_,Loucos do Bando,,Caiu na rede √© peixe! Na noite de ontem as minas do Tim√£o golearam o Real Bras√≠lia; veja como foi a partida e uma analise completa do confronto.  #Corinthians #CorinthiansFeminino #VaiCorinthians   https://t.co/yFCtiKrpIj,pt,[],['https://loucosdobando.com.br/noticias/corinthians-sofre-no-comeco-mas-goleia-real-brasilia'],[],0,0,4,"['corinthians', 'corinthiansfeminino', 'vaicorinthians']",[],https://twitter.com/loucosdobando_/status/1396790645172342785,False,,0,,,,,,,,[],,,,
1396787333073100805,1396787333073100805,2021-05-24 11:17:05 UTC,2021-05-24,11:17:05,+0000,550538680,jabregomartin,Jonathan Abrego,,"Luego del pedido de algunos hinchas de #Corinthians por el t√©cnico de #Col√≥n, Eduardo Dom√≠nguez, el Timao anunci√≥ a Sylvinho como nuevo entrenador para suceder a V√°gner Mancini. @Corinthians  https://t.co/8ISVBktvkL",es,"[{'screen_name': 'corinthians', 'name': 'corinthians', 'id': '44627459'}]",[],['https://pbs.twimg.com/media/E2Jiim5WEAALk2x.jpg'],0,0,0,"['corinthians', 'col√≥n']",[],https://twitter.com/jabregomartin/status/1396787333073100805,False,,1,https://pbs.twimg.com/media/E2Jiim5WEAALk2x.jpg,,,,,,,[],,,,
1396786985021411328,1396786985021411328,2021-05-24 11:15:42 UTC,2021-05-24,11:15:42,+0000,437673553,novokaoz,#OMitoGenocida,,"Tudo liberado a partir de R$ 25,00 mensal. Chama no DM #Flamengo #Corinthians #gremio #Internacional #ceara #Libertadores #galo #atleticomg #brasileirao #filmes #series #tvviainternet #futebol #lutas #IPTV #santosfc #saopaulofc",pt,[],[],[],0,0,0,"['flamengo', 'corinthians', 'gremio', 'internacional', 'ceara', 'libertadores', 'galo', 'atleticomg', 'brasileirao', 'filmes', 'series', 'tvviainternet', 'futebol', 'lutas', 'iptv', 'santosfc', 'saopaulofc']",[],https://twitter.com/novokaoz/status/1396786985021411328,False,,0,,,,,,,,[],,,,
1396786860555448321,1396786860555448321,2021-05-24 11:15:13 UTC,2021-05-24,11:15:13,+0000,302950011,loucosdobando_,Loucos do Bando,,"""Agora √© com voc√™, hein... Representa o Corinthians!""  üì∏ Daniel Augusto Jr.  #Corinthians #VaiCorinthians  https://t.co/f2vfjevP6d",pt,[],[],['https://pbs.twimg.com/media/E2JiJoxWEAMmPxZ.jpg'],0,2,25,"['corinthians', 'vaicorinthians']",[],https://twitter.com/loucosdobando_/status/1396786860555448321,False,,1,https://pbs.twimg.com/media/E2JiJoxWEAMmPxZ.jpg,,,,,,,[],,,,
1396786365384306693,1396786365384306693,2021-05-24 11:13:15 UTC,2021-05-24,11:13:15,+0000,853589280912015361,mineirinhoabreu,Andre Abreu,,"#Corinthians Falando da contrata√ß√£o do Sylvinho ,vendo que melhor op√ß√£o n√£o veio ,√© que temos no momento . Logico que n√£o seria de ningu√©m da torcida uma op√ß√£o ,mais e melhor ele hoje do que carille e companhia ltda",pt,[],[],[],0,0,0,['corinthians'],[],https://twitter.com/MineirinhoAbreu/status/1396786365384306693,False,,0,,,,,,,,[],,,,
1396784741588869121,1396784741588869121,2021-05-24 11:06:48 UTC,2021-05-24,11:06:48,+0000,574659323,photocleuri,@photocleuri FICA EM CASA üò∑,,"Bem-vindo Sylvinho! Apesar de n√£o ser certo, espero que d√™ certo no @Corinthians e que possamos ser felizes novamente. #Corinthians #Sylvinho #VaiCorinthians",pt,"[{'screen_name': 'corinthians', 'name': 'corinthians', 'id': '44627459'}]",[],[],1,0,1,"['corinthians', 'sylvinho', 'vaicorinthians']",[],https://twitter.com/photocleuri/status/1396784741588869121,False,,0,,,,,,,,[],,,,
1396783611202969606,1396783611202969606,2021-05-24 11:02:18 UTC,2021-05-24,11:02:18,+0000,1290441337410654208,net_promocoes,Net Ofertas,,Moletom Criativa Urbana Corinthians Time Casaco Blusa - Masculino #camisa #Corinthians #Presente #futebol #esporte #frio   https://t.co/fdCMLI6aZV,pt,[],['https://redir.lomadee.com/v2/144bef3d054'],[],0,0,0,"['camisa', 'corinthians', 'presente', 'futebol', 'esporte', 'frio']",[],https://twitter.com/net_promocoes/status/1396783611202969606,False,,0,,,,,,,,[],,,,
1396783030962999296,1396783030962999296,2021-05-24 11:00:00 UTC,2021-05-24,11:00:00,+0000,302950011,loucosdobando_,Loucos do Bando,,"Bom dia, Fiel! üè¥üè≥  Uma boa semana a todos e vai Corinthians!  #Corinthians #VaiCorinthians  https://t.co/3AROS9Avrw",pt,[],[],['https://pbs.twimg.com/media/E2Hjqj1X0AQTg9A.jpg'],0,0,9,"['corinthians', 'vaicorinthians']",[],https://twitter.com/loucosdobando_/status/1396783030962999296,False,,1,https://pbs.twimg.com/media/E2Hjqj1X0AQTg9A.jpg,,,,,,,[],,,,
1396779653067575301,1396779653067575301,2021-05-24 10:46:34 UTC,2021-05-24,10:46:34,+0000,90697573,bandsports,BandSports,,"Ex-jogador do @Corinthians substitui Vagner Mancini, demitido ap√≥s elimina√ß√£o no @Paulistao   #Sylvinho #Corinthians #novot√©cnico  https://t.co/iP5vLYQt95",pt,"[{'screen_name': 'corinthians', 'name': 'corinthians', 'id': '44627459'}, {'screen_name': 'paulistao', 'name': 'paulist√£o sicredi 2021', 'id': '179937965'}]",['https://bandsports.band.uol.com.br/noticias/corinthians-anuncia-sylvinho-como-novo-treinador-16350758'],[],1,0,9,"['sylvinho', 'corinthians', 'novot√©cnico']",[],https://twitter.com/bandsports/status/1396779653067575301,False,,0,,,,,,,,[],,,,
1396779236183080963,1396779236183080963,2021-05-24 10:44:55 UTC,2021-05-24,10:44:55,+0000,1222630197092081665,_paul_was_saul_,Paul Was Saul,,2 #Corinthians 9:13 Through the evidence of this service they will glorify ##God because of your obedience to your confession in the #gospel of #Christ and the generosity of your sharing with them and with everyone.,en,[],[],[],0,1,2,"['corinthians', 'god', 'gospel', 'christ']",[],https://twitter.com/_Paul_Was_Saul_/status/1396779236183080963,False,,0,,,,,,,,[],,,,
1396777907662503937,1396777907662503937,2021-05-24 10:39:38 UTC,2021-05-24,10:39:38,+0000,1181652173660282882,etorcedores,Encontro De Torcedores,,@sylvinho_campos fechou com o @corinthians ! Boa sorte garoto!  #futebol  #futebolpaulista  #futebolbrasileiro  #corinthians  #sccp  https://t.co/Zube5mLhhP,pt,"[{'screen_name': 'corinthians', 'name': 'corinthians', 'id': '44627459'}]",[],['https://pbs.twimg.com/media/E2JaGqcWYAQyYir.jpg'],0,0,0,"['futebol', 'futebolpaulista', 'futebolbrasileiro', 'corinthians', 'sccp']",[],https://twitter.com/ETorcedores/status/1396777907662503937,False,,1,https://pbs.twimg.com/media/E2JaGqcWYAQyYir.jpg,,,,,,,[],,,,
1396776933011202051,1396776933011202051,2021-05-24 10:35:46 UTC,2021-05-24,10:35:46,+0000,1262531215053205504,seligafiel,Se Liga Fiel ‚õø (LEIA O FIXADO - SORTEIO),,"Bom Dia, Fiel!  #Corinthians  https://t.co/ojLrofrlEH",pt,[],[],['https://pbs.twimg.com/media/E2JZKAcX0AA2DNm.jpg'],0,0,25,['corinthians'],[],https://twitter.com/SeLigaFiel/status/1396776933011202051,False,,1,https://pbs.twimg.com/media/E2JZKAcX0AA2DNm.jpg,,,,,,,[],,,,
1396721102555070465,1396721102555070465,2021-05-24 06:53:55 UTC,2021-05-24,06:53:55,+0000,768507236733816834,gazzetta_foot,Gazzetta Foot,,#Sylvinho #Corinthians  üì∑corinthians  https://t.co/ou4DSNV2hz,pt,[],[],['https://pbs.twimg.com/media/E2ImcLJWUAI8RBc.jpg'],0,1,1,"['sylvinho', 'corinthians']",[],https://twitter.com/Gazzetta_Foot/status/1396721102555070465,False,,1,https://pbs.twimg.com/media/E2ImcLJWUAI8RBc.jpg,,,,,,,[],,,,
1396715903618781184,1396715903618781184,2021-05-24 06:33:15 UTC,2021-05-24,06:33:15,+0000,1268490719662157825,tuttocalciomer1,Tutto Calciomercato 24,,Ufficiale: Sylvinho √® il nuovo allenatore del Corinthians #Sylvinho #Corinthians  https://t.co/sVIeoOMxBS,it,[],['https://tuttocalciomercato24.com/ufficiale-sylvinho-e-il-nuovo-allenatore-del-corinthians'],[],0,0,0,"['sylvinho', 'corinthians']",[],https://twitter.com/TuttoCalciomer1/status/1396715903618781184,False,,0,,,,,,,,[],,,,
1396714864953942017,1396714864953942017,2021-05-24 06:29:08 UTC,2021-05-24,06:29:08,+0000,932709659944812544,sccphistoria,ùïÆùñîùñóùñéùñìùñôùñçùñéùñÜùñìùñò ùñäùñí ùï∏ùñäùñíùñîÃÅùñóùñéùñÜ,,Luizinho Polegar Anos 50's Restaurada e colorizada #Corinthians  https://t.co/Dm6FLBHnZe,pt,[],[],['https://pbs.twimg.com/media/E2IgxDCWEAIMOsz.jpg'],0,1,22,['corinthians'],[],https://twitter.com/SCCPHISTORIA/status/1396714864953942017,False,,1,https://pbs.twimg.com/media/E2IgxDCWEAIMOsz.jpg,,,,,,,[],,,,
1396700871304441857,1396700871304441857,2021-05-24 05:33:31 UTC,2021-05-24,05:33:31,+0000,289359450,rahulpeters,Rahul Ronald Peters,,"‡§ï‡•ç‡§Ø‡•ã‡§Ç‡§ï‡§ø ‡§¶‡§æ‡§Æ ‡§¶‡•á‡§ï‡§∞ ‡§Æ‡•ã‡§≤ ‡§≤‡§ø‡§Ø‡•á ‡§ó‡§è ‡§π‡•ã, ‡§á‡§∏‡§≤‡§ø‡§Ø‡•á ‡§Ö‡§™‡§®‡•Ä ‡§¶‡•á‡§π ‡§ï‡•á ‡§¶‡•ç‡§µ‡§æ‡§∞‡§æ ‡§™‡§∞‡§Æ‡•á‡§∂‡•ç‡§µ‡§∞ ‡§ï‡•Ä ‡§Æ‡§π‡§ø‡§Æ‡§æ ‡§ï‡§∞‡•ã‡••  *(1 #‡§ï‡•Å‡§∞‡§ø‡§®‡•ç‡§•‡§ø‡§Ø‡•ã‡§Ç 6:20)*   For ye are bought with a price: therefore glorify God in your body, and in your spirit, which are God's.  *(1 #Corinthians 6:20)* #HolyBible",und,[],[],[],0,0,1,"['‡§ï‡•Å‡§∞‡§ø‡§®‡•ç‡§•‡§ø‡§Ø‡•ã‡§Ç', 'corinthians', 'holybible']",[],https://twitter.com/RahulPeters/status/1396700871304441857,False,,0,,,,,,,,[],,,,
1396685153938853889,1396596238380900355,2021-05-24 04:31:04 UTC,2021-05-24,04:31:04,+0000,267795663,maikonmagni,Maikon Magni,,"@MeuTimao S√≥ nos resta torcer e apoiar, mas com esse elenco bisonho sabemos que n√£o ser√° f√°cil. Bem vindo Silvinho. #Corinthians #Sylvinho",pt,[],[],[],0,0,0,"['corinthians', 'sylvinho']",[],https://twitter.com/MaikonMagni/status/1396685153938853889,False,,0,,,,,,,,"[{'screen_name': 'MeuTimao', 'name': 'Meu Tim√£o', 'id': '28703815'}]",,,,
1396681909095346176,1396681909095346176,2021-05-24 04:18:10 UTC,2021-05-24,04:18:10,+0000,1374567687091798019,m4g3l41,M4G3L4 ' $ üèÄüèÖ üáßüá∑üá≥üá¨üáØüá≤üáÆüá≥üè≥Ô∏è‚Äçüåàüá∑üá∫,,Liga no cartola ?????? Algu√©m ??????  #brasileirao2021 #futebol #Cartola #Corinthians #Futebol√âPraTodos,pt,[],[],[],0,0,0,"['brasileirao2021', 'futebol', 'cartola', 'corinthians', 'futebol√©pratodos']",[],https://twitter.com/M4G3L41/status/1396681909095346176,False,,0,,,,,,,,[],,,,
1396676907471622144,1396676907471622144,2021-05-24 03:58:18 UTC,2021-05-24,03:58:18,+0000,1270171910626779136,rbgleydison,Gleydison.rb,,Sylvinho #Corinthians,in,[],[],[],0,0,0,['corinthians'],[],https://twitter.com/RbGleydison/status/1396676907471622144,False,,0,,,,,,,,[],,,,
1396674080204537858,1396571243118317576,2021-05-24 03:47:04 UTC,2021-05-24,03:47:04,+0000,3406444570,_koya_gru_,SCCP,,"@Fefis3010 @Corinthians Sou exigente, ent√£o ele vai ter que fazer muitoooo pra me convencer u_u  #Corinthians",pt,[],[],[],0,0,1,['corinthians'],[],https://twitter.com/_koya_gru_/status/1396674080204537858,False,,0,,,,,,,,"[{'screen_name': 'Fefis3010', 'name': 'Fernando Garcia', 'id': '4822768847'}, {'screen_name': 'Corinthians', 'name': 'Corinthians', 'id': '44627459'}]",,,,
1396671956456517634,1396671956456517634,2021-05-24 03:38:37 UTC,2021-05-24,03:38:37,+0000,54600138,rodneygontijo,Rodney Gontijo,,"Coincid√™ncia, Sylvinho come√ßou sua carreira de treinador com Vagner Mancini. #Corinthians  #MeuTim√£o",pt,[],[],[],0,0,0,"['corinthians', 'meutim√£o']",[],https://twitter.com/rodneygontijo/status/1396671956456517634,False,,0,,,,,,,,[],,,,
1396671728668061702,1396671728668061702,2021-05-24 03:37:43 UTC,2021-05-24,03:37:43,+0000,1338326491327852544,moisesmonteeiro,Mois√©s Monteiro,,"Sem d√∫vidas umas das melhores, sen√£o a melhor op√ß√£o para o @Corinthians. Veremos se ele consegue fazer esse time (mediano para fraco) jogar. Tor√ßo para que sim! #ModernoESerCorinthians #Corinthians #futebol",pt,"[{'screen_name': 'corinthians', 'name': 'corinthians', 'id': '44627459'}]",[],[],0,0,1,"['modernoesercorinthians', 'corinthians', 'futebol']",[],https://twitter.com/MoisesMonteeiro/status/1396671728668061702,False,https://twitter.com/Corinthians/status/1396571243118317576,0,,,,,,,,[],,,,
1396669133324963849,1396669133324963849,2021-05-24 03:27:24 UTC,2021-05-24,03:27:24,+0000,1393351852712923137,coringaao_,Coring√£o alucinado‚ú®ü¶Ö,,"Bom Fiz esse perfil para falar do Corinthians, de uma maneira mais descontra√≠da, e tbm √≥bvio dar aquela zoada n√≥s antis, sigam aiii. S√ì PRA CAUSAR CAOS, Sylvinho pra mim foi uma boa escolha. #Corinthians  #Sylvinho  #SYLVINHONAO 60% de chance de dar certo, e oque e penso.",pt,[],[],[],0,0,4,"['corinthians', 'sylvinho', 'sylvinhonao']",[],https://twitter.com/Coringaao_/status/1396669133324963849,False,,0,,,,,,,,[],,,,
1396667101818019840,1396667101818019840,2021-05-24 03:19:20 UTC,2021-05-24,03:19:20,+0000,73517232,silvio_menezs,Silvio Menezes üò∑ #StopBolsonaro #SOSBrazil,,#Futebol #PontePreta #Atl√©ticoMineiro #Atl√©ticoParanaense #Flamengo #Vasco #Fluminense #Botafogo #Corinthians #Palmeiras #S√£oPaulo #Santos #Coritiba #Cruzeiro #Juventude #Figueirense #Vit√≥ria #Fortaleza #Internacional #Gr√™mio #Guarani #Goi√°s #Sport #Bahia #Serra #Paysandu ?,und,[],[],[],0,0,3,"['futebol', 'pontepreta', 'atl√©ticomineiro', 'atl√©ticoparanaense', 'flamengo', 'vasco', 'fluminense', 'botafogo', 'corinthians', 'palmeiras', 's√£opaulo', 'santos', 'coritiba', 'cruzeiro', 'juventude', 'figueirense', 'vit√≥ria', 'fortaleza', 'internacional', 'gr√™mio', 'guarani', 'goi√°s', 'sport', 'bahia', 'serra', 'paysandu']",[],https://twitter.com/Silvio_Menezs/status/1396667101818019840,False,https://twitter.com/Brasil_Here/status/1343305905828409344,0,,,,,,,,[],,,,
1396664654177480712,1396664654177480712,2021-05-24 03:09:36 UTC,2021-05-24,03:09:36,+0000,1336834490233217026,beattenorio,Beatriz Ten√≥rio,,"Ap√≥s o an√∫ncio de Sylvinho como nosso novo t√©cnico, vim falar um pouquinho sobre ele e sua trajet√≥ria. D√° uma olhadinha, vai! üñ§  #Corinthians #SYLVINHO #VaiCorinthians  https://t.co/xMaMvPMDZW",pt,[],[],[],2,5,60,"['corinthians', 'sylvinho', 'vaicorinthians']",[],https://twitter.com/beattenorio/status/1396664654177480712,False,,1,https://pbs.twimg.com/ext_tw_video_thumb/1396663434754891777/pu/img/Ju1qojxxhGSn3spU.jpg,,,,,,,[],,,,
1396663495601659904,1396662436527316993,2021-05-24 03:05:00 UTC,2021-05-24,03:05:00,+0000,983097478244335616,viniomito,vini,,@joamlkresponsa sou do nordeste e sou #Corinthians com #Orgulho,pt,[],[],[],0,0,0,"['corinthians', 'orgulho']",[],https://twitter.com/viniomito/status/1396663495601659904,False,,0,,,,,,,,"[{'screen_name': 'joamlkresponsa', 'name': 'desgra√ßa da silva (cora√ß√£o sincero)', 'id': '1275287276596146177'}]",,,,
1396659367534006273,1396659367534006273,2021-05-24 02:48:36 UTC,2021-05-24,02:48:36,+0000,1303498741907890176,daniel_sccp11,D…ë…≥i…õ Ü ‡∏£ccp,,Torcida corinthiana j√° invadiu o insta da filha do sylvinho  üòÇ Essa torcida √© a melhor  #corinthians  https://t.co/eq1qqj33n5,pt,[],[],['https://pbs.twimg.com/media/E2HuSwXWQAACFxz.jpg'],0,0,2,['corinthians'],[],https://twitter.com/Daniel_SCCP11/status/1396659367534006273,False,,1,https://pbs.twimg.com/media/E2HuSwXWQAACFxz.jpg,,,,,,,[],,,,
1396657840463486976,1396657840463486976,2021-05-24 02:42:32 UTC,2021-05-24,02:42:32,+0000,1127029045248524288,nayymoura_,‚Ñïùïíùï™,,Des de 1997 t√° ! @Corinthians #Corinthians  https://t.co/bvXnYg2SKj,pt,"[{'screen_name': 'corinthians', 'name': 'corinthians', 'id': '44627459'}]",[],[],0,0,0,['corinthians'],[],https://twitter.com/Nayymoura_/status/1396657840463486976,False,,1,https://pbs.twimg.com/ext_tw_video_thumb/1396655085288046597/pu/img/j8fTwpJr7rl29txm.jpg,,,,,,,[],,,,
1396657750382415873,1396657750382415873,2021-05-24 02:42:10 UTC,2021-05-24,02:42:10,+0000,988841228526551045,robode19,Robode À¢·∂ú·∂ú·µñ ü¶Ö,,Voto De confian√ßa! So aguardar Tirar nosso @Corinthians dessa m√° Fase!  #Corinthians #Sylvinho #VaiCorinthians #BemVindoDeVoltaSylvinho ü¶Ö‚ö™‚ö´‚öΩ  https://t.co/m1JdyfUU6Y,pt,"[{'screen_name': 'corinthians', 'name': 'corinthians', 'id': '44627459'}]",[],['https://pbs.twimg.com/media/E2Hs0muXsAI4bbU.jpg'],0,0,0,"['corinthians', 'sylvinho', 'vaicorinthians', 'bemvindodevoltasylvinho']",[],https://twitter.com/Robode19/status/1396657750382415873,False,,1,https://pbs.twimg.com/media/E2Hs0muXsAI4bbU.jpg,,,,,,,[],,,,
